# tool	version	os	architecture	filename	url	sha256
actionlint	1.7.12	linux	x86_64	actionlint_1.7.12_linux_amd64.tar.gz	https://github.com/rhysd/actionlint/releases/download/v1.7.12/actionlint_1.7.12_linux_amd64.tar.gz	8aca8db96f1b94770f1b0d72b6dddcb1ebb8123cb3712530b08cc387b349a3d8
ripgrep	15.2.0	linux	x86_64	ripgrep-15.2.0-x86_64-unknown-linux-musl.tar.gz	https://github.com/BurntSushi/ripgrep/releases/download/15.2.0/ripgrep-15.2.0-x86_64-unknown-linux-musl.tar.gz	33e15bcf1624b25cdd2a55813a47a2f95dbe126268203e76aa6a585d1e7b149c
wasmtime	v48.0.1	linux	x86_64	wasmtime-v48.0.1-x86_64-linux.tar.xz	https://github.com/bytecodealliance/wasmtime/releases/download/v48.0.1/wasmtime-v48.0.1-x86_64-linux.tar.xz	4c2e31b68ad99e0a519f225a261fda099eb15f056d4a24fdb3c2a46517bde1df
wasmtime	v48.0.1	linux	aarch64	wasmtime-v48.0.1-aarch64-linux.tar.xz	https://github.com/bytecodealliance/wasmtime/releases/download/v48.0.1/wasmtime-v48.0.1-aarch64-linux.tar.xz	fdbebd838ed7b9cc4e2b63f6d7d855b33386fc388f3595f668bf394131dd072f
wasmtime	v48.0.1	macos	x86_64	wasmtime-v48.0.1-x86_64-macos.tar.xz	https://github.com/bytecodealliance/wasmtime/releases/download/v48.0.1/wasmtime-v48.0.1-x86_64-macos.tar.xz	ce95a41b85adaf2c44f47cb68defb282bdb87d68ed96d1662295330fe542335e
wasmtime	v48.0.1	macos	aarch64	wasmtime-v48.0.1-aarch64-macos.tar.xz	https://github.com/bytecodealliance/wasmtime/releases/download/v48.0.1/wasmtime-v48.0.1-aarch64-macos.tar.xz	88cc08b395fbfb960b99f355a81224af975679b8a5f4b74a51d59e5e34b20dcd
wasm-tools	1.258.0	linux	x86_64	wasm-tools-1.258.0-x86_64-linux.tar.gz	https://github.com/bytecodealliance/wasm-tools/releases/download/v1.258.0/wasm-tools-1.258.0-x86_64-linux.tar.gz	b52d14eb74a4852cc249369bd4480c2b2fdd876145f41db51ff52269ded240ce
wasm-tools	1.258.0	linux	aarch64	wasm-tools-1.258.0-aarch64-linux.tar.gz	https://github.com/bytecodealliance/wasm-tools/releases/download/v1.258.0/wasm-tools-1.258.0-aarch64-linux.tar.gz	86714f59d76218c22a1aa7e14bdc19e22facaec5c4a12a1f0be2f1594ce1ad26
wasm-tools	1.258.0	macos	x86_64	wasm-tools-1.258.0-x86_64-macos.tar.gz	https://github.com/bytecodealliance/wasm-tools/releases/download/v1.258.0/wasm-tools-1.258.0-x86_64-macos.tar.gz	10621ef8537d9c37d1c3e4e6199ab6b0d4d2bf4862eb6815c4a4d4ebaec2db38
wasm-tools	1.258.0	macos	aarch64	wasm-tools-1.258.0-aarch64-macos.tar.gz	https://github.com/bytecodealliance/wasm-tools/releases/download/v1.258.0/wasm-tools-1.258.0-aarch64-macos.tar.gz	64370d279234669fca407383fae96ce518c6628e0a4ab186dba590f8678c3646
